private line number,public line number,route Name,number of travelers in 2021,attraction_by_bus,distance(m),jan avg day,jan avg night,february avg day,february avg night,march avg day,march avg night,april avg day,april avg night,may avg day,may avg night,june avg day,june avg night,july avg day,july avg night,august avg day,august avg night,september avg day,september avg night,october avg day,october avg night,november avg day,november avg night,decmber avg day,decmber avg night
1,1,PLAZA DE CRISTO REY - PROSPERIDAD,1350331,,0,6,5,7,7,10,10,12,13,17,17,23,23,27,27,26,26,20,21,16,16,10,9,6,5
1,1,PLAZA DE CRISTO REY - PROSPERIDAD,1350332,,0,6,5,7,7,10,10,12,13,17,17,23,23,27,27,26,26,20,21,16,16,10,9,6,5
1,1,PLAZA DE CRISTO REY - PROSPERIDAD,1350333,,0,6,5,7,7,10,10,12,13,17,17,23,23,27,27,26,26,20,21,16,16,10,9,6,5
1,1,PLAZA DE CRISTO REY - PROSPERIDAD,1350334,,0,6,5,7,7,10,10,12,13,17,17,23,23,27,27,26,26,20,21,16,16,10,9,6,5
1,1,PLAZA DE CRISTO REY - PROSPERIDAD,1350335,,0,6,5,7,7,10,10,12,13,17,17,23,23,27,27,26,26,20,21,16,16,10,9,6,5
1,1,PLAZA DE CRISTO REY - PROSPERIDAD,1350336,,0,6,5,7,7,10,10,12,13,17,17,23,23,27,27,26,26,20,21,16,16,10,9,6,5
1,1,PLAZA DE CRISTO REY - PROSPERIDAD,1350337,,0,6,5,7,7,10,10,12,13,17,17,23,23,27,27,26,26,20,21,16,16,10,9,6,5
1,1,PLAZA DE CRISTO REY - PROSPERIDAD,1350338,,0,6,5,7,7,10,10,12,13,17,17,23,23,27,27,26,26,20,21,16,16,10,9,6,5
1,1,PLAZA DE CRISTO REY - PROSPERIDAD,1350339,,0,6,5,7,7,10,10,12,13,17,17,23,23,27,27,26,26,20,21,16,16,10,9,6,5
1,1,PLAZA DE CRISTO REY - PROSPERIDAD,1350340,,0,6,5,7,7,10,10,12,13,17,17,23,23,27,27,26,26,20,21,16,16,10,9,6,5
1,1,PLAZA DE CRISTO REY - PROSPERIDAD,1350341,,0,6,5,7,7,10,10,12,13,17,17,23,23,27,27,26,26,20,21,16,16,10,9,6,5
1,1,PLAZA DE CRISTO REY - PROSPERIDAD,1350342,,0,6,5,7,7,10,10,12,13,17,17,23,23,27,27,26,26,20,21,16,16,10,9,6,5
1,1,PLAZA DE CRISTO REY - PROSPERIDAD,1350343,,0,6,5,7,7,10,10,12,13,17,17,23,23,27,27,26,26,20,21,16,16,10,9,6,5
1,1,PLAZA DE CRISTO REY - PROSPERIDAD,1350344,,0,6,5,7,7,10,10,12,13,17,17,23,23,27,27,26,26,20,21,16,16,10,9,6,5
1,1,PLAZA DE CRISTO REY - PROSPERIDAD,1350345,,0,6,5,7,7,10,10,12,13,17,17,23,23,27,27,26,26,20,21,16,16,10,9,6,5
17,17,PLAZA MAYOR - COLONIA PARQUE DE EUROPA,3724626,Plaza Mayor,17,6,5,7,7,10,10,12,13,17,17,23,23,27,27,26,26,20,21,16,16,10,9,6,5
18,18,PLAZA MAYOR - VILLAVERDE CRUCE,1286988,Plaza Mayor,280,6,5,7,7,10,10,12,13,17,17,23,23,27,27,26,26,20,21,16,16,10,9,6,5
19,19,PLAZA DE CATALU√ëA - PLAZA DE LEGAZPI,3530329,,,6,5,7,7,10,10,12,13,17,17,23,23,27,27,26,26,20,21,16,16,10,9,6,5
20,20,PUERTA DEL SOL/SEVILLA - PAVONES,2718142,,,6,5,7,7,10,10,12,13,17,17,23,23,27,27,26,26,20,21,16,16,10,9,6,5
21,21,PASEO DEL PINTOR ROSALES - BARRIO EL SALVADOR,4166649,,,6,5,7,7,10,10,12,13,17,17,23,23,27,27,26,26,20,21,16,16,10,9,6,5
22,22,PLAZA DE LEGAZPI - VILLAVERDE ALTO,1492295,,,6,5,7,7,10,10,12,13,17,17,23,23,27,27,26,26,20,21,16,16,10,9,6,5
23,23,PLAZA MAYOR - VILLAVERDE CRUCE,3517989,Plaza Mayor,350,6,5,7,7,10,10,12,13,17,17,23,23,27,27,26,26,20,21,16,16,10,9,6,5
24,24,ESTACION DE ATOCHA - POZO DEL TIO RAIMUNDO,2460444,,,6,5,7,7,10,10,12,13,17,17,23,23,27,27,26,26,20,21,16,16,10,9,6,5
25,25,PLAZA DE ESPA√ëA - CASA DE CAMPO,2577080,,,6,5,7,7,10,10,12,13,17,17,23,23,27,27,26,26,20,21,16,16,10,9,6,5
26,26,PLAZA DE TIRSO DE MOLINA - DIEGO DE LEON,1668912,,,6,5,7,7,10,10,12,13,17,17,23,23,27,27,26,26,20,21,16,16,10,9,6,5
27,27,GLORIETA DE EMBAJADORES - PLAZA DE CASTILLA,4795961,,,6,5,7,7,10,10,12,13,17,17,23,23,27,27,26,26,20,21,16,16,10,9,6,5
28,28,PUERTA DE ALCALA - BARRIO DE CANILLEJAS,4260501,Puerta de Alcalá,120,6,5,7,7,10,10,12,13,17,17,23,23,27,27,26,26,20,21,16,16,10,9,6,5
29,29,AVENIDA DE FELIPE II - MANOTERAS,1883983,,,6,5,7,7,10,10,12,13,17,17,23,23,27,27,26,26,20,21,16,16,10,9,6,5
30,30,AVENIDA DE FELIPE II - PAVONES,2714567,,,6,5,7,7,10,10,12,13,17,17,23,23,27,27,26,26,20,21,16,16,10,9,6,5
31,31,PLAZA MAYOR - ALUCHE,4291638,Plaza Mayor,110,6,5,7,7,10,10,12,13,17,17,23,23,27,27,26,26,20,21,16,16,10,9,6,5
32,32,PLAZA DE JACINTO BENAVENTE - PAVONES,3207525,,,6,5,7,7,10,10,12,13,17,17,23,23,27,27,26,26,20,21,16,16,10,9,6,5
33,33,PRINCIPE PIO - CASA DE CAMPO,215746,,,6,5,7,7,10,10,12,13,17,17,23,23,27,27,26,26,20,21,16,16,10,9,6,5
34,34,PLAZA DE CIBELES - LAS AGUILAS,6650128,,,6,5,7,7,10,10,12,13,17,17,23,23,27,27,26,26,20,21,16,16,10,9,6,5
35,35,PLAZA MAYOR - CARABANCHEL ALTO,4082523,Plaza Mayor,,6,5,7,7,10,10,12,13,17,17,23,23,27,27,26,26,20,21,16,16,10,9,6,5
36,36,ATOCHA - CAMPAMENTO,1331346,,,6,5,7,7,10,10,12,13,17,17,23,23,27,27,26,26,20,21,16,16,10,9,6,5
37,37,GLORIETA DE CUATRO CAMINOS - PUENTE DE VALLECAS,1225104,,,6,5,7,7,10,10,12,13,17,17,23,23,27,27,26,26,20,21,16,16,10,9,6,5
38,38,PLAZA DE MANUEL BECERRA - LAS ROSAS,3521870,,,6,5,7,7,10,10,12,13,17,17,23,23,27,27,26,26,20,21,16,16,10,9,6,5
39,39,PLAZA DE ESPA√ëA - COLONIA SAN IGNACIO DE LOYOLA,2125006,,,6,5,7,7,10,10,12,13,17,17,23,23,27,27,26,26,20,21,16,16,10,9,6,5
40,40,TRIBUNAL - ALFONSO XIII,1113780,Museo del Romanticismo,120,6,5,7,7,10,10,12,13,17,17,23,23,27,27,26,26,20,21,16,16,10,9,6,5
41,41,ATOCHA - COLONIA MANZANARES,704882,,,6,5,7,7,10,10,12,13,17,17,23,23,27,27,26,26,20,21,16,16,10,9,6,5
42,42,PLAZA DE CASTILLA - BARRIO DE PE√ëAGRANDE,1396255,,,6,5,7,7,10,10,12,13,17,17,23,23,27,27,26,26,20,21,16,16,10,9,6,5
43,43,AVENIDA DE FELIPE II - ESTRECHO,1274543,,,6,5,7,7,10,10,12,13,17,17,23,23,27,27,26,26,20,21,16,16,10,9,6,5
44,44,PLAZA DEL CALLAO - MARQUES DE VIANA,1821372,,,6,5,7,7,10,10,12,13,17,17,23,23,27,27,26,26,20,21,16,16,10,9,6,5
45,45,PLAZA DE LEGAZPI - AVENIDA REINA VICTORIA,2239273,,,6,5,7,7,10,10,12,13,17,17,23,23,27,27,26,26,20,21,16,16,10,9,6,5
46,46,PUERTA DEL SOL/SEVILLA - MONCLOA,1624191,,,6,5,7,7,10,10,12,13,17,17,23,23,27,27,26,26,20,21,16,16,10,9,6,5
47,47,ATOCHA - CARABANCHEL ALTO,2199244,,,6,5,7,7,10,10,12,13,17,17,23,23,27,27,26,26,20,21,16,16,10,9,6,5
48,48,PLAZA DE MANUEL BECERRA - BARRIO DE CANILLEJAS,1811723,,,6,5,7,7,10,10,12,13,17,17,23,23,27,27,26,26,20,21,16,16,10,9,6,5
49,49,PLAZA DE CASTILLA - PITIS,3590665,,,6,5,7,7,10,10,12,13,17,17,23,23,27,27,26,26,20,21,16,16,10,9,6,5
50,50,PLAZA MAYOR - AVENIDA DEL MANZANARES,678411,Plaza Mayor,240,6,5,7,7,10,10,12,13,17,17,23,23,27,27,26,26,20,21,16,16,10,9,6,5
51,51,PUERTA DEL SOL/SEVILLA - PLAZA DEL PERU,740558,,,6,5,7,7,10,10,12,13,17,17,23,23,27,27,26,26,20,21,16,16,10,9,6,5
52,52,PUERTA DEL SOL/SEVILLA - SANTAMARCA,899353,,,6,5,7,7,10,10,12,13,17,17,23,23,27,27,26,26,20,21,16,16,10,9,6,5
53,53,PUERTA DEL SOL/SEVILLA - ARTURO SORIA,1970494,,,6,5,7,7,10,10,12,13,17,17,23,23,27,27,26,26,20,21,16,16,10,9,6,5
54,54,ESTACION DE ATOCHA - CONGOSTO,2128787,,,6,5,7,7,10,10,12,13,17,17,23,23,27,27,26,26,20,21,16,16,10,9,6,5
55,55,ATOCHA - BATAN,2349014,,,6,5,7,7,10,10,12,13,17,17,23,23,27,27,26,26,20,21,16,16,10,9,6,5
56,56,DIEGO DE LEON - PUENTE DE VALLECAS,2670271,,,6,5,7,7,10,10,12,13,17,17,23,23,27,27,26,26,20,21,16,16,10,9,6,5
57,57,ESTACION DE ATOCHA - ALTO DEL ARENAL,1618303,,,6,5,7,7,10,10,12,13,17,17,23,23,27,27,26,26,20,21,16,16,10,9,6,5
58,58,PUENTE VALLECAS - BARRIO DE SANTA EUGENIA,1914629,,,6,5,7,7,10,10,12,13,17,17,23,23,27,27,26,26,20,21,16,16,10,9,6,5
59,59,ESTACION DE ATOCHA - COLONIA SAN CRISTOBAL DE LOS ANGELES,1034077,,,6,5,7,7,10,10,12,13,17,17,23,23,27,27,26,26,20,21,16,16,10,9,6,5
60,60,PLAZA DE LA CEBADA - ORCASITAS,3181314,,,6,5,7,7,10,10,12,13,17,17,23,23,27,27,26,26,20,21,16,16,10,9,6,5
61,61,MONCLOA - NARVAEZ,2625112,,,6,5,7,7,10,10,12,13,17,17,23,23,27,27,26,26,20,21,16,16,10,9,6,5
62,62,PLAZA DE CRISTO REY - LOS PUERTOS,1350080,,,6,5,7,7,10,10,12,13,17,17,23,23,27,27,26,26,20,21,16,16,10,9,6,5
63,63,AVENIDA DE FELIPE II - BARRIO DE SANTA EUGENIA,1660996,,,6,5,7,7,10,10,12,13,17,17,23,23,27,27,26,26,20,21,16,16,10,9,6,5
64,64,GLORIETA DE CUATRO CAMINOS - PITIS,1467721,,,6,5,7,7,10,10,12,13,17,17,23,23,27,27,26,26,20,21,16,16,10,9,6,5
65,65,PLAZA DE JACINTO BENAVENTE - COLONIA GRAN CAPITAN,1742401,,,6,5,7,7,10,10,12,13,17,17,23,23,27,27,26,26,20,21,16,16,10,9,6,5
66,66,GLORIETA DE CUATRO CAMINOS - FUENCARRAL,2044998,,,6,5,7,7,10,10,12,13,17,17,23,23,27,27,26,26,20,21,16,16,10,9,6,5
67,67,PLAZA DE CASTILLA - BARRIO DE PE√ëAGRANDE,1373504,,,6,5,7,7,10,10,12,13,17,17,23,23,27,27,26,26,20,21,16,16,10,9,6,5
68,C1,CIRCULAR 1 -,4434154,,,6,5,7,7,10,10,12,13,17,17,23,23,27,27,26,26,20,21,16,16,10,9,6,5
69,C2,CIRCULAR 2 -,4483508,,,6,5,7,7,10,10,12,13,17,17,23,23,27,27,26,26,20,21,16,16,10,9,6,5
70,70,PLAZA DE CASTILLA - ALSACIA,5228237,,,6,5,7,7,10,10,12,13,17,17,23,23,27,27,26,26,20,21,16,16,10,9,6,5
71,71,PLAZA DE MANUEL BECERRA - PUERTA DE ARGANDA,1365402,,,6,5,7,7,10,10,12,13,17,17,23,23,27,27,26,26,20,21,16,16,10,9,6,5
72,72,DIEGO DE LEON - HORTALEZA,917251,,,6,5,7,7,10,10,12,13,17,17,23,23,27,27,26,26,20,21,16,16,10,9,6,5
73,73,DIEGO DE LEON - FERIA DE MADRID,1213516,,,6,5,7,7,10,10,12,13,17,17,23,23,27,27,26,26,20,21,16,16,10,9,6,5
74,74,PASEO DEL PINTOR ROSALES - PARQUE DE LAS AVENIDAS,867078,,,6,5,7,7,10,10,12,13,17,17,23,23,27,27,26,26,20,21,16,16,10,9,6,5
75,75,PLAZA DEL CALLAO - COLONIA MANZANARES,793780,Pl. del Callao,110,6,5,7,7,10,10,12,13,17,17,23,23,27,27,26,26,20,21,16,16,10,9,6,5
76,76,PLAZA BEATA MARIA ANA DE JESUS - VILLAVERDE ALTO,639810,,,6,5,7,7,10,10,12,13,17,17,23,23,27,27,26,26,20,21,16,16,10,9,6,5
77,77,PLAZA DE CIUDAD LINEAL - COLONIA FIN DE SEMANA,2604471,,,6,5,7,7,10,10,12,13,17,17,23,23,27,27,26,26,20,21,16,16,10,9,6,5
78,78,GLORIETA DE EMBAJADORES - BARRIO DE SAN FERMIN,1437925,,,6,5,7,7,10,10,12,13,17,17,23,23,27,27,26,26,20,21,16,16,10,9,6,5
79,79,PLAZA DE LEGAZPI - VILLAVERDE ALTO,958153,,,6,5,7,7,10,10,12,13,17,17,23,23,27,27,26,26,20,21,16,16,10,9,6,5
81,81,OPORTO - HOSPITAL 12 DE OCTUBRE,1204530,,,6,5,7,7,10,10,12,13,17,17,23,23,27,27,26,26,20,21,16,16,10,9,6,5
82,82,MONCLOA - PITIS,1388220,,,6,5,7,7,10,10,12,13,17,17,23,23,27,27,26,26,20,21,16,16,10,9,6,5
83,83,MONCLOA - BARRIO DEL PILAR,1587783,,,6,5,7,7,10,10,12,13,17,17,23,23,27,27,26,26,20,21,16,16,10,9,6,5
85,85,ESTACION DE ATOCHA - BUTARQUE,3004936,,,6,5,7,7,10,10,12,13,17,17,23,23,27,27,26,26,20,21,16,16,10,9,6,5
86,86,ESTACION DE ATOCHA - VILLAVERDE ALTO,1334665,,,6,5,7,7,10,10,12,13,17,17,23,23,27,27,26,26,20,21,16,16,10,9,6,5
87,87,PLAZA DE LA REPUBLICA DOMINICANA - LAS CARCAVAS,841791,,,6,5,7,7,10,10,12,13,17,17,23,23,27,27,26,26,20,21,16,16,10,9,6,5
90,E,PLAZA DEL CONDE DE CASAL - SIERRA DE GUADALUPE,200856,,,6,5,7,7,10,10,12,13,17,17,23,23,27,27,26,26,20,21,16,16,10,9,6,5
91,F,GLORIETA DE CUATRO CAMINOS - CIUDAD UNIVERSITARIA,403006,,,6,5,7,7,10,10,12,13,17,17,23,23,27,27,26,26,20,21,16,16,10,9,6,5
92,G,MONCLOA - CIUDAD UNIVERSITARIA,867226,,,6,5,7,7,10,10,12,13,17,17,23,23,27,27,26,26,20,21,16,16,10,9,6,5
93,A,MONCLOA - CAMPUS SOMOSAGUAS,913004,,,6,5,7,7,10,10,12,13,17,17,23,23,27,27,26,26,20,21,16,16,10,9,6,5
96,H,ALUCHE - CAMPUS DE SOMOSAGUAS,314431,,,6,5,7,7,10,10,12,13,17,17,23,23,27,27,26,26,20,21,16,16,10,9,6,5
99,U,AVENIDA DE SENECA - PARANINFO,254484,,,6,5,7,7,10,10,12,13,17,17,23,23,27,27,26,26,20,21,16,16,10,9,6,5
100,100,MORATALAZ - VALDERRIVAS,478008,,,6,5,7,7,10,10,12,13,17,17,23,23,27,27,26,26,20,21,16,16,10,9,6,5
101,101,CANILLEJAS - AEROPUERTO-BARAJAS,117329,,,6,5,7,7,10,10,12,13,17,17,23,23,27,27,26,26,20,21,16,16,10,9,6,5
102,102,ESTACION DE ATOCHA - ESTACION EL POZO,2344026,,,6,5,7,7,10,10,12,13,17,17,23,23,27,27,26,26,20,21,16,16,10,9,6,5
103,103,ESTACION EL POZO - ECOBULEVAR,2010673,,,6,5,7,7,10,10,12,13,17,17,23,23,27,27,26,26,20,21,16,16,10,9,6,5
104,104,PLAZA DE CIUDAD LINEAL - MAR DE CRISTAL,874476,,,6,5,7,7,10,10,12,13,17,17,23,23,27,27,26,26,20,21,16,16,10,9,6,5
105,105,PLAZA DE CIUDAD LINEAL - BARAJAS,716506,,,6,5,7,7,10,10,12,13,17,17,23,23,27,27,26,26,20,21,16,16,10,9,6,5
106,106,PLAZA DE MANUEL BECERRA - VICALVARO,1690634,,,6,5,7,7,10,10,12,13,17,17,23,23,27,27,26,26,20,21,16,16,10,9,6,5
107,107,PLAZA DE CASTILLA - HORTALEZA,729235,,,6,5,7,7,10,10,12,13,17,17,23,23,27,27,26,26,20,21,16,16,10,9,6,5
108,108,OPORTO - CEMENTERIO DE CARABANCHEL,540267,,,6,5,7,7,10,10,12,13,17,17,23,23,27,27,26,26,20,21,16,16,10,9,6,5
109,109,PLAZA DE CIUDAD LINEAL - CASTILLO DE UCLES,557317,,,6,5,7,7,10,10,12,13,17,17,23,23,27,27,26,26,20,21,16,16,10,9,6,5
110,110,PLAZA DE MANUEL BECERRA - CEMENTERIO DE LA ALMUDENA,173774,,,6,5,7,7,10,10,12,13,17,17,23,23,27,27,26,26,20,21,16,16,10,9,6,5
111,111,PUENTE VALLECAS - ENTREVIAS,1269470,,,6,5,7,7,10,10,12,13,17,17,23,23,27,27,26,26,20,21,16,16,10,9,6,5
112,112,MAR DE CRISTAL - BARRIO DEL AEROPUERTO,624150,,,6,5,7,7,10,10,12,13,17,17,23,23,27,27,26,26,20,21,16,16,10,9,6,5
113,113,MENDEZ ALVARO - PLAZA DE CIUDAD LINEAL,3034343,,,6,5,7,7,10,10,12,13,17,17,23,23,27,27,26,26,20,21,16,16,10,9,6,5
114,114,AVENIDA DE AMERICA - BARRIO DEL AEROPUERTO,1103173,Dirección General de Tráfico (DGT),600,6,5,7,7,10,10,12,13,17,17,23,23,27,27,26,26,20,21,16,16,10,9,6,5
115,115,AVENIDA DE AMERICA - BARAJAS,1845479,,,6,5,7,7,10,10,12,13,17,17,23,23,27,27,26,26,20,21,16,16,10,9,6,5
116,116,GLORIETA DE EMBAJADORES - VILLAVERDE CRUCE,1488621,,,6,5,7,7,10,10,12,13,17,17,23,23,27,27,26,26,20,21,16,16,10,9,6,5
117,117,ALUCHE - COLONIA SAN IGNACIO DE LOYOLA,0,,,6,5,7,7,10,10,12,13,17,17,23,23,27,27,26,26,20,21,16,16,10,9,6,5
118,118,GLORIETA DE EMBAJADORES - AVENIDA DE LA PESETA,3123260,,,6,5,7,7,10,10,12,13,17,17,23,23,27,27,26,26,20,21,16,16,10,9,6,5
119,119,ATOCHA - BARRIO DE GOYA,1335673,,,6,5,7,7,10,10,12,13,17,17,23,23,27,27,26,26,20,21,16,16,10,9,6,5
120,120,PLAZA DE LIMA - HORTALEZA,1194286,,,6,5,7,7,10,10,12,13,17,17,23,23,27,27,26,26,20,21,16,16,10,9,6,5
121,121,CAMPAMENTO - HOSPITAL 12 DE OCTUBRE,1838745,,,6,5,7,7,10,10,12,13,17,17,23,23,27,27,26,26,20,21,16,16,10,9,6,5
122,122,AVENIDA DE AMERICA - FERIA DE MADRID,1115154,,,6,5,7,7,10,10,12,13,17,17,23,23,27,27,26,26,20,21,16,16,10,9,6,5
123,123,PLAZA DE LEGAZPI - BUTARQUE,1172025,,,6,5,7,7,10,10,12,13,17,17,23,23,27,27,26,26,20,21,16,16,10,9,6,5
124,124,GLORIETA DE CUATRO CAMINOS - LACOMA,2769327,,,6,5,7,7,10,10,12,13,17,17,23,23,27,27,26,26,20,21,16,16,10,9,6,5
125,125,MAR DE CRISTAL - HOSPITAL RAMON Y CAJAL,1139525,,,6,5,7,7,10,10,12,13,17,17,23,23,27,27,26,26,20,21,16,16,10,9,6,5
126,126,NUEVOS MINISTERIOS - BARRIO DEL PILAR,1337038,,,6,5,7,7,10,10,12,13,17,17,23,23,27,27,26,26,20,21,16,16,10,9,6,5
127,127,GLORIETA DE CUATRO CAMINOS - CIUDAD DE LOS PERIODISTAS,1302557,,,6,5,7,7,10,10,12,13,17,17,23,23,27,27,26,26,20,21,16,16,10,9,6,5
128,128,GLORIETA DE CUATRO CAMINOS - BARRIO DEL PILAR,2466576,,,6,5,7,7,10,10,12,13,17,17,23,23,27,27,26,26,20,21,16,16,10,9,6,5
129,129,PLAZA DE CASTILLA - MANOTERAS,442030,,,6,5,7,7,10,10,12,13,17,17,23,23,27,27,26,26,20,21,16,16,10,9,6,5
130,130,VILLAVERDE ALTO - VICALVARO,1861978,,,6,5,7,7,10,10,12,13,17,17,23,23,27,27,26,26,20,21,16,16,10,9,6,5
131,131,CAMPAMENTO - VILLAVERDE ALTO,1574791,,,6,5,7,7,10,10,12,13,17,17,23,23,27,27,26,26,20,21,16,16,10,9,6,5
132,132,MONCLOA - HOSPITAL LA PAZ,2696985,,,6,5,7,7,10,10,12,13,17,17,23,23,27,27,26,26,20,21,16,16,10,9,6,5
133,133,PLAZA DEL CALLAO - MIRASIERRA,2458007,,,6,5,7,7,10,10,12,13,17,17,23,23,27,27,26,26,20,21,16,16,10,9,6,5
134,134,PLAZA DE CASTILLA|VAGUADA - MONTECARMELO,1347729,,,6,5,7,7,10,10,12,13,17,17,23,23,27,27,26,26,20,21,16,16,10,9,6,5
135,135,PLAZA DE CASTILLA - HOSPITAL RAMON Y CAJAL,488344,,,6,5,7,7,10,10,12,13,17,17,23,23,27,27,26,26,20,21,16,16,10,9,6,5
136,136,PACIFICO - MADRID SUR,1583099,,,6,5,7,7,10,10,12,13,17,17,23,23,27,27,26,26,20,21,16,16,10,9,6,5
137,137,CIUDAD PUERTA DE HIERRO - FUENCARRAL,1335338,,,6,5,7,7,10,10,12,13,17,17,23,23,27,27,26,26,20,21,16,16,10,9,6,5
138,138,PLAZA DE CRISTO REY - COLONIA SAN IGNACIO DE LOYOLA,3748312,,,6,5,7,7,10,10,12,13,17,17,23,23,27,27,26,26,20,21,16,16,10,9,6,5
139,139,DEHESA DEL PRINCIPE - CARABANCHEL ALTO,855725,,,6,5,7,7,10,10,12,13,17,17,23,23,27,27,26,26,20,21,16,16,10,9,6,5
140,140,PAVONES - CANILLEJAS,1802426,,,6,5,7,7,10,10,12,13,17,17,23,23,27,27,26,26,20,21,16,16,10,9,6,5
141,141,ESTACION DE ATOCHA - BUENOS AIRES,1533965,,,6,5,7,7,10,10,12,13,17,17,23,23,27,27,26,26,20,21,16,16,10,9,6,5
142,142,PAVONES - ENSANCHE DE VALLECAS,1758864,,,6,5,7,7,10,10,12,13,17,17,23,23,27,27,26,26,20,21,16,16,10,9,6,5
143,143,PLAZA DE MANUEL BECERRA - VILLA DE VALLECAS,2528194,,,6,5,7,7,10,10,12,13,17,17,23,23,27,27,26,26,20,21,16,16,10,9,6,5
144,144,PAVONES - ENTREVIAS,1772260,,,6,5,7,7,10,10,12,13,17,17,23,23,27,27,26,26,20,21,16,16,10,9,6,5
145,145,PLAZA DEL CONDE DE CASAL - ENSANCHE DE VALLECAS,1523330,,,6,5,7,7,10,10,12,13,17,17,23,23,27,27,26,26,20,21,16,16,10,9,6,5
146,146,PLAZA DEL CALLAO - LOS MOLINOS,2394069,,,6,5,7,7,10,10,12,13,17,17,23,23,27,27,26,26,20,21,16,16,10,9,6,5
147,147,PLAZA DEL CALLAO - BARRIO DEL PILAR,3172307,,,6,5,7,7,10,10,12,13,17,17,23,23,27,27,26,26,20,21,16,16,10,9,6,5
148,148,PLAZA DEL CALLAO - PUENTE DE VALLECAS,1993598,,,6,5,7,7,10,10,12,13,17,17,23,23,27,27,26,26,20,21,16,16,10,9,6,5
149,149,TRIBUNAL - PLAZA DE CASTILLA,1039456,Museo del Romanticismo,120,6,5,7,7,10,10,12,13,17,17,23,23,27,27,26,26,20,21,16,16,10,9,6,5
150,150,PUERTA DEL SOL/SEVILLA - COLONIA VIRGEN DEL CORTIJO,1759910,,,6,5,7,7,10,10,12,13,17,17,23,23,27,27,26,26,20,21,16,16,10,9,6,5
151,151,CANILLEJAS - BARAJAS,594555,,,6,5,7,7,10,10,12,13,17,17,23,23,27,27,26,26,20,21,16,16,10,9,6,5
152,152,AVENIDA DE FELIPE II - MENDEZ ALVARO,1126306,,,6,5,7,7,10,10,12,13,17,17,23,23,27,27,26,26,20,21,16,16,10,9,6,5
153,153,LAS ROSAS - MAR DE CRISTAL,1107172,,,6,5,7,7,10,10,12,13,17,17,23,23,27,27,26,26,20,21,16,16,10,9,6,5
155,155,PLAZA ELIPTICA - ALUCHE,1718926,,,6,5,7,7,10,10,12,13,17,17,23,23,27,27,26,26,20,21,16,16,10,9,6,5
156,156,PLAZA DE MANUEL BECERRA - PLAZA DE LEGAZPI,1164221,,,6,5,7,7,10,10,12,13,17,17,23,23,27,27,26,26,20,21,16,16,10,9,6,5
159,159,ALSACIA - EL CA√ëAVERAL,354875,,,6,5,7,7,10,10,12,13,17,17,23,23,27,27,26,26,20,21,16,16,10,9,6,5
160,160,MONCLOA - ARAVACA,673352,,,6,5,7,7,10,10,12,13,17,17,23,23,27,27,26,26,20,21,16,16,10,9,6,5
161,161,MONCLOA - ARAVACA SUR,1118213,,,6,5,7,7,10,10,12,13,17,17,23,23,27,27,26,26,20,21,16,16,10,9,6,5
162,162,MONCLOA - EL BARRIAL,881144,,,6,5,7,7,10,10,12,13,17,17,23,23,27,27,26,26,20,21,16,16,10,9,6,5
163,163,ESTACION DE ARAVACA - EL PLANTIO,45042,,,6,5,7,7,10,10,12,13,17,17,23,23,27,27,26,26,20,21,16,16,10,9,6,5
165,165,ALSACIA - HOSPITAL RAMON Y CAJAL,527284,,,6,5,7,7,10,10,12,13,17,17,23,23,27,27,26,26,20,21,16,16,10,9,6,5
166,166,BARAJAS - HOSPITAL RAMON Y CAJAL,183832,,,6,5,7,7,10,10,12,13,17,17,23,23,27,27,26,26,20,21,16,16,10,9,6,5
167,167,ALSACIA - COLONIA FIN DE SEMANA,430373,,,6,5,7,7,10,10,12,13,17,17,23,23,27,27,26,26,20,21,16,16,10,9,6,5
170,170,ARROYO DEL FRESNO - SANCHINARRO,0,,,6,5,7,7,10,10,12,13,17,17,23,23,27,27,26,26,20,21,16,16,10,9,6,5
171,171,MAR DE CRISTAL - VALDEBEBAS,663449,,,6,5,7,7,10,10,12,13,17,17,23,23,27,27,26,26,20,21,16,16,10,9,6,5
172,172,MAR DE CRISTAL - TELEFONICA,530018,,,6,5,7,7,10,10,12,13,17,17,23,23,27,27,26,26,20,21,16,16,10,9,6,5
173,173,PLAZA DE CASTILLA - SANCHINARRO,946952,,,6,5,7,7,10,10,12,13,17,17,23,23,27,27,26,26,20,21,16,16,10,9,6,5
174,174,PLAZA DE CASTILLA - VALDEBEBAS,1244586,,,6,5,7,7,10,10,12,13,17,17,23,23,27,27,26,26,20,21,16,16,10,9,6,5
175,175,PLAZA DE CASTILLA - LAS TABLAS NORTE,548288,,,6,5,7,7,10,10,12,13,17,17,23,23,27,27,26,26,20,21,16,16,10,9,6,5
176,176,PLAZA DE CASTILLA - LAS TABLAS SUR,1202791,,,6,5,7,7,10,10,12,13,17,17,23,23,27,27,26,26,20,21,16,16,10,9,6,5
177,177,PLAZA DE CASTILLA - MARQUES DE VIANA,521560,,,6,5,7,7,10,10,12,13,17,17,23,23,27,27,26,26,20,21,16,16,10,9,6,5
178,178,PLAZA DE CASTILLA - MONTECARMELO,1029263,,,6,5,7,7,10,10,12,13,17,17,23,23,27,27,26,26,20,21,16,16,10,9,6,5
180,180,PLAZA DE LEGAZPI - CAJA MAGICA,1672,,,6,5,7,7,10,10,12,13,17,17,23,23,27,27,26,26,20,21,16,16,10,9,6,5
200,200,AVENIDA DE AMERICA - AEROPUERTO,786589,,,6,5,7,7,10,10,12,13,17,17,23,23,27,27,26,26,20,21,16,16,10,9,6,5
203,Q,ESTACION DE ATOCHA - AEROPUERTO,362670,,,6,5,7,7,10,10,12,13,17,17,23,23,27,27,26,26,20,21,16,16,10,9,6,5
210,210,DIEGO DE LEON - LA ELIPA,1367891,,,6,5,7,7,10,10,12,13,17,17,23,23,27,27,26,26,20,21,16,16,10,9,6,5
215,215,AVENIDA DE FELIPE II - PARQUE DE ROMA,192983,,,6,5,7,7,10,10,12,13,17,17,23,23,27,27,26,26,20,21,16,16,10,9,6,5
247,247,ATOCHA - COLONIA SAN JOSE OBRERO,745462,,,6,5,7,7,10,10,12,13,17,17,23,23,27,27,26,26,20,21,16,16,10,9,6,5
310,310,PACIFICO - ESTACION EL POZO,749246,,,6,5,7,7,10,10,12,13,17,17,23,23,27,27,26,26,20,21,16,16,10,9,6,5
361,001,ESTACION DE ATOCHA - MONCLOA,1793357,Car Rental Madrid - Atocha - Train Station,600,6,5,7,7,10,10,12,13,17,17,23,23,27,27,26,26,20,21,16,16,10,9,6,5
362,OO2,PUERTA DE TOLEDO - ARG√úELLES,347872,,,6,5,7,7,10,10,12,13,17,17,23,23,27,27,26,26,20,21,16,16,10,9,6,5
363,C03,PUERTA DE TOLEDO - ARG√úELLES,699460,,,6,5,7,7,10,10,12,13,17,17,23,23,27,27,26,26,20,21,16,16,10,9,6,5
372,172SF,MAR DE CRISTAL - LAS TABLAS,113570,,,6,5,7,7,10,10,12,13,17,17,23,23,27,27,26,26,20,21,16,16,10,9,6,5
401,E1,PLAZA DE CIBELES - LA PESETA,1891109,,,6,5,7,7,10,10,12,13,17,17,23,23,27,27,26,26,20,21,16,16,10,9,6,5
402,E2,AVENIDA DE FELIPE II - LAS ROSAS,1103889,,,6,5,7,7,10,10,12,13,17,17,23,23,27,27,26,26,20,21,16,16,10,9,6,5
403,E3,AVENIDA DE FELIPE II - VALDERRIVAS,2903503,,,6,5,7,7,10,10,12,13,17,17,23,23,27,27,26,26,20,21,16,16,10,9,6,5
404,E4,AVENIDA DE FELIPE II - VALDEBERNARDO,1504072,,,6,5,7,7,10,10,12,13,17,17,23,23,27,27,26,26,20,21,16,16,10,9,6,5
405,E5,MANUEL BECERRA - EL CA√ëAVERAL,537999,,,6,5,7,7,10,10,12,13,17,17,23,23,27,27,26,26,20,21,16,16,10,9,6,5
451,T11,MAR DE CRISTAL - PARQUE EMPRESARIAL CRISTALIA,133021,,,6,5,7,7,10,10,12,13,17,17,23,23,27,27,26,26,20,21,16,16,10,9,6,5
452,T23,PUERTA DE ARGANDA - POLIGONO INDUSTRIAL DE VICALVARO,97922,,,6,5,7,7,10,10,12,13,17,17,23,23,27,27,26,26,20,21,16,16,10,9,6,5
453,T32,PLAZA DE LEGAZPI - MERCAMADRID-C.T.M,351633,,,6,5,7,7,10,10,12,13,17,17,23,23,27,27,26,26,20,21,16,16,10,9,6,5
454,T31,ESTACION EL POZO - SIERRA DE GUADALUPE,308560,,,6,5,7,7,10,10,12,13,17,17,23,23,27,27,26,26,20,21,16,16,10,9,6,5
455,T61,ESTACION DE CERCANIAS DE FUENCARRAL - LAS TABLAS,244428,,,6,5,7,7,10,10,12,13,17,17,23,23,27,27,26,26,20,21,16,16,10,9,6,5
456,T41,VILLAVERDE ALTO - POLIGONO INDUSTRIAL LA RESINA,142223,,,6,5,7,7,10,10,12,13,17,17,23,23,27,27,26,26,20,21,16,16,10,9,6,5
457,T62,PLAZA DE CASTILLA - ESTACION DE CHAMARTIN,21753,,,6,5,7,7,10,10,12,13,17,17,23,23,27,27,26,26,20,21,16,16,10,9,6,5
481,H1,SIERRA DE GUADALUPE - HOSPITAL INFANTA LEONOR,624454,,,6,5,7,7,10,10,12,13,17,17,23,23,27,27,26,26,20,21,16,16,10,9,6,5
501,N1,PLAZA DE CIBELES - SANCHINARRO,56275,,,6,5,7,7,10,10,12,13,17,17,23,23,27,27,26,26,20,21,16,16,10,9,6,5
502,N2,PLAZA DE CIBELES - VALDEBEBAS,62168,,,6,5,7,7,10,10,12,13,17,17,23,23,27,27,26,26,20,21,16,16,10,9,6,5
503,N3,PLAZA DE CIBELES - CANILLAS,41397,,,6,5,7,7,10,10,12,13,17,17,23,23,27,27,26,26,20,21,16,16,10,9,6,5
504,N4,PLAZA DE CIBELES - BARAJAS,72020,,,6,5,7,7,10,10,12,13,17,17,23,23,27,27,26,26,20,21,16,16,10,9,6,5
505,N5,PLAZA DE CIBELES - COLONIA FIN DE SEMANA,133563,,,6,5,7,7,10,10,12,13,17,17,23,23,27,27,26,26,20,21,16,16,10,9,6,5
506,N6,PLAZA DE CIBELES - LAS ROSAS,104532,,,6,5,7,7,10,10,12,13,17,17,23,23,27,27,26,26,20,21,16,16,10,9,6,5
507,N7,PLAZA DE CIBELES - VALDERRIVAS,87723,,,6,5,7,7,10,10,12,13,17,17,23,23,27,27,26,26,20,21,16,16,10,9,6,5
508,N8,PLAZA DE CIBELES - VALDEBERNARDO,84379,,,6,5,7,7,10,10,12,13,17,17,23,23,27,27,26,26,20,21,16,16,10,9,6,5
509,N9,PLAZA DE CIBELES - ENSANCHE DE VALLECAS,102913,,,6,5,7,7,10,10,12,13,17,17,23,23,27,27,26,26,20,21,16,16,10,9,6,5
510,N10,PLAZA DE CIBELES - PALOMERAS,103603,,,6,5,7,7,10,10,12,13,17,17,23,23,27,27,26,26,20,21,16,16,10,9,6,5
511,N11,PLAZA DE CIBELES - MADRID SUR,105306,,,6,5,7,7,10,10,12,13,17,17,23,23,27,27,26,26,20,21,16,16,10,9,6,5
512,N12,PLAZA DE CIBELES - BUTARQUE,68763,,,6,5,7,7,10,10,12,13,17,17,23,23,27,27,26,26,20,21,16,16,10,9,6,5
513,N13,PLAZA DE CIBELES - COLONIA SAN CRISTOBAL DE LOS ANGELES,93210,,,6,5,7,7,10,10,12,13,17,17,23,23,27,27,26,26,20,21,16,16,10,9,6,5
514,N14,PLAZA DE CIBELES - VILLAVERDE ALTO,115213,,,6,5,7,7,10,10,12,13,17,17,23,23,27,27,26,26,20,21,16,16,10,9,6,5
515,N15,PLAZA DE CIBELES - ORCASUR,97609,,,6,5,7,7,10,10,12,13,17,17,23,23,27,27,26,26,20,21,16,16,10,9,6,5
516,N16,PLAZA DE CIBELES - AVENIDA DE LA PESETA,118026,,,6,5,7,7,10,10,12,13,17,17,23,23,27,27,26,26,20,21,16,16,10,9,6,5
517,N17,PLAZA DE CIBELES - CARABANCHEL ALTO,129686,,,6,5,7,7,10,10,12,13,17,17,23,23,27,27,26,26,20,21,16,16,10,9,6,5
518,N18,PLAZA DE CIBELES - ALUCHE,119990,,,6,5,7,7,10,10,12,13,17,17,23,23,27,27,26,26,20,21,16,16,10,9,6,5
519,N19,PLAZA DE CIBELES - COLONIA SAN IGNACIO DE LOYOLA,116359,,,6,5,7,7,10,10,12,13,17,17,23,23,27,27,26,26,20,21,16,16,10,9,6,5
520,N20,PLAZA DE CIBELES - PITIS,48732,,,6,5,7,7,10,10,12,13,17,17,23,23,27,27,26,26,20,21,16,16,10,9,6,5
521,N21,PLAZA DE CIBELES - ARROYO DEL FRESNO,158154,,,6,5,7,7,10,10,12,13,17,17,23,23,27,27,26,26,20,21,16,16,10,9,6,5
522,N22,PLAZA DE CIBELES - BARRIO DEL PILAR,102931,,,6,5,7,7,10,10,12,13,17,17,23,23,27,27,26,26,20,21,16,16,10,9,6,5
523,N23,PLAZA DE CIBELES - MONTECARMELO,118022,,,6,5,7,7,10,10,12,13,17,17,23,23,27,27,26,26,20,21,16,16,10,9,6,5
524,N24,PLAZA DE CIBELES - LAS TABLAS,96350,,,6,5,7,7,10,10,12,13,17,17,23,23,27,27,26,26,20,21,16,16,10,9,6,5
525,N25,PLAZA DE ALONSO MARTINEZ - VILLA DE VALLECAS,100782,,,6,5,7,7,10,10,12,13,17,17,23,23,27,27,26,26,20,21,16,16,10,9,6,5
526,N26,PLAZA DE ALONSO MARTINEZ - ALUCHE,103053,,,6,5,7,7,10,10,12,13,17,17,23,23,27,27,26,26,20,21,16,16,10,9,6,5
527,N27,PLAZA DE CIBELES - AEROPUERTO,37303,,,6,5,7,7,10,10,12,13,17,17,23,23,27,27,26,26,20,21,16,16,10,9,6,5
528,N28,MONCLOA - ARAVACA,28676,,,6,5,7,7,10,10,12,13,17,17,23,23,27,27,26,26,20,21,16,16,10,9,6,5
601,M1,PUERTA DEL SOL/SEVILLA - GLORIETA DE EMBAJADORES,154069,,,6,5,7,7,10,10,12,13,17,17,23,23,27,27,26,26,20,21,16,16,10,9,6,5
602,M2,SEVILLA - ARG√úELLES,0,,,6,5,7,7,10,10,12,13,17,17,23,23,27,27,26,26,20,21,16,16,10,9,6,5
702,SE,PLAZA ELIPTICA - CEMENTERIO SUR,23861,Pl. Elíptica,60,6,5,7,7,10,10,12,13,17,17,23,23,27,27,26,26,20,21,16,16,10,9,6,5
704,SE,PLAZA DE CASTILLA - CEMENTERIO DE FUENCARRAL,8915,,,6,5,7,7,10,10,12,13,17,17,23,23,27,27,26,26,20,21,16,16,10,9,6,5
708,SE,PLAZA ELIPTICA - ISLAZUL,8813,,,6,5,7,7,10,10,12,13,17,17,23,23,27,27,26,26,20,21,16,16,10,9,6,5
709,SE,FERIA DE MADRID - HOSPITAL ENFERMERA ISABEL ZENDAL,213506,,,6,5,7,7,10,10,12,13,17,17,23,23,27,27,26,26,20,21,16,16,10,9,6,5
710,SE,ATOCHA - HOSPITAL LA PAZ,0,,,6,5,7,7,10,10,12,13,17,17,23,23,27,27,26,26,20,21,16,16,10,9,6,5
711,SE,HOSPITAL 12 DE OCTUBRE - HOSPITAL INFANTA LEONOR,0,,,6,5,7,7,10,10,12,13,17,17,23,23,27,27,26,26,20,21,16,16,10,9,6,5
712,SE,PUERTA DEL SOL/SEVILLA - PUERTA DE TOLEDO,39769,,,6,5,7,7,10,10,12,13,17,17,23,23,27,27,26,26,20,21,16,16,10,9,6,5
713,SE,HOSPITAL ENFERMERA ISABEL ZENDAL - HOTEL AC COSLADA AEROPUERTO,388,,,6,5,7,7,10,10,12,13,17,17,23,23,27,27,26,26,20,21,16,16,10,9,6,5
714,SE1,PLAZA DE CASTILLA - CUATRO CAMINOS,0,,,6,5,7,7,10,10,12,13,17,17,23,23,27,27,26,26,20,21,16,16,10,9,6,5
715,SE2,ATOCHA RENFE - SIERRA DE GUADALUPE,0,,,6,5,7,7,10,10,12,13,17,17,23,23,27,27,26,26,20,21,16,16,10,9,6,5
716,SE3,CONDE DE CASAL - SIERRA DE GUADALUPE,0,,,6,5,7,7,10,10,12,13,17,17,23,23,27,27,26,26,20,21,16,16,10,9,6,5
718,SE,PUERTA DE ARGANDA - CA√ëADA REAL,12902,,,6,5,7,7,10,10,12,13,17,17,23,23,27,27,26,26,20,21,16,16,10,9,6,5
720,SE,ALSACIA - HOSPITAL RAMON Y CAJAL,0,,,6,5,7,7,10,10,12,13,17,17,23,23,27,27,26,26,20,21,16,16,10,9,6,5
721,SE,CANILLEJAS - ESTADIO METROPOLITANO,6263,,,6,5,7,7,10,10,12,13,17,17,23,23,27,27,26,26,20,21,16,16,10,9,6,5
722,SE,BARAJAS - HOSPITAL RAMON Y CAJAL,0,,,6,5,7,7,10,10,12,13,17,17,23,23,27,27,26,26,20,21,16,16,10,9,6,5
723,SE,ALSACIA - CA√ëAVERAL,0,,,6,5,7,7,10,10,12,13,17,17,23,23,27,27,26,26,20,21,16,16,10,9,6,5
724,SE,DOWNLOAD -,0,,,6,5,7,7,10,10,12,13,17,17,23,23,27,27,26,26,20,21,16,16,10,9,6,5
725,SE,LA PESETA - C.P.A. LA FORTUNA,0,,,6,5,7,7,10,10,12,13,17,17,23,23,27,27,26,26,20,21,16,16,10,9,6,5
726,SE,PLAZA DE CASTILLA - COLOMBIA,230991,,,6,5,7,7,10,10,12,13,17,17,23,23,27,27,26,26,20,21,16,16,10,9,6,5
727,SE,C.S. VILLAAMIL - C.S. CASTROVIEJO,27121,,,6,5,7,7,10,10,12,13,17,17,23,23,27,27,26,26,20,21,16,16,10,9,6,5
728,SE,PUERTA DEL ANGEL - OPORTO,0,,,6,5,7,7,10,10,12,13,17,17,23,23,27,27,26,26,20,21,16,16,10,9,6,5
729,SE,ALONSO MARTINEZ - BATAN,0,,,6,5,7,7,10,10,12,13,17,17,23,23,27,27,26,26,20,21,16,16,10,9,6,5
730,SE,PRINCIPE PIO - PINAR DE SAN JOSE,23351,,,6,5,7,7,10,10,12,13,17,17,23,23,27,27,26,26,20,21,16,16,10,9,6,5
731,SE4,MAR DE CRISTAL - AEROPUERTO T4,0,,,6,5,7,7,10,10,12,13,17,17,23,23,27,27,26,26,20,21,16,16,10,9,6,5
732,SE,PUERTA DE ARGANDA - SAINZ DE BARANDA,0,,,6,5,7,7,10,10,12,13,17,17,23,23,27,27,26,26,20,21,16,16,10,9,6,5
734,SE,PACIFICO - SAINZ DE BARANDA,799215,,,6,5,7,7,10,10,12,13,17,17,23,23,27,27,26,26,20,21,16,16,10,9,6,5
737,SE,LEGAZPI - LAGUNA,0,,,6,5,7,7,10,10,12,13,17,17,23,23,27,27,26,26,20,21,16,16,10,9,6,5
739,SE,POZUELO - HOSPITAL ENFERMERA ISABEL ZENDAL,0,,,6,5,7,7,10,10,12,13,17,17,23,23,27,27,26,26,20,21,16,16,10,9,6,5
740,SE,OPORTO - ALUCHE,0,,,6,5,7,7,10,10,12,13,17,17,23,23,27,27,26,26,20,21,16,16,10,9,6,5
742,SE,CAMPAMENTO - CASA DE CAMPO,0,,,6,5,7,7,10,10,12,13,17,17,23,23,27,27,26,26,20,21,16,16,10,9,6,5
745,SE,AVENIDA DE AMERICA - PINAR DE CHAMARTIN,0,,,6,5,7,7,10,10,12,13,17,17,23,23,27,27,26,26,20,21,16,16,10,9,6,5
750,SE,PLAZA CASTILLA - MAD COOL,0,,,6,5,7,7,10,10,12,13,17,17,23,23,27,27,26,26,20,21,16,16,10,9,6,5
751,SE,ALAMEDA DE OSUNA - CANILLEJAS,0,Jardín El Capricho de la Alameda de Osuna,400,6,5,7,7,10,10,12,13,17,17,23,23,27,27,26,26,20,21,16,16,10,9,6,5
752,SE,CANILLEJAS - MANUEL BECERRA,0,,,6,5,7,7,10,10,12,13,17,17,23,23,27,27,26,26,20,21,16,16,10,9,6,5
753,SE,EMBAJADORES - ALUCHE,0,,,6,5,7,7,10,10,12,13,17,17,23,23,27,27,26,26,20,21,16,16,10,9,6,5
754,SE,ALUCHE - CASA DE CAMPO,0,,,6,5,7,7,10,10,12,13,17,17,23,23,27,27,26,26,20,21,16,16,10,9,6,5
755,SE,ESTADIO METROPOLITANO - AIRPORT T4,0,,,6,5,7,7,10,10,12,13,17,17,23,23,27,27,26,26,20,21,16,16,10,9,6,5
756,SE2,MAR DE CRISTAL - AEROPUERTO T2/BARAJAS,0,,,6,5,7,7,10,10,12,13,17,17,23,23,27,27,26,26,20,21,16,16,10,9,6,5
757,SE,ESTADIO METROPOLITANO - AIRPORT T1,0,,,6,5,7,7,10,10,12,13,17,17,23,23,27,27,26,26,20,21,16,16,10,9,6,5
758,SE,BEGO√ëA - TRES OLIVOS,0,,,6,5,7,7,10,10,12,13,17,17,23,23,27,27,26,26,20,21,16,16,10,9,6,5
760,SE,PRINCIPE PIO - MADRID ARENA,555,,,6,5,7,7,10,10,12,13,17,17,23,23,27,27,26,26,20,21,16,16,10,9,6,5
765,SE,PLAZA DE CASTILLA - FERIA DE MADRID,0,,,6,5,7,7,10,10,12,13,17,17,23,23,27,27,26,26,20,21,16,16,10,9,6,5
766,SE,ATOCHA - POLIGONO INDUSTRIAL DE VALLECAS,22958,,,6,5,7,7,10,10,12,13,17,17,23,23,27,27,26,26,20,21,16,16,10,9,6,5
767,SE3,COLOMBIA - MAR DE CRISTAL,0,,,6,5,7,7,10,10,12,13,17,17,23,23,27,27,26,26,20,21,16,16,10,9,6,5
771,SE,DELICIAS - MENDEZ ALVARO,0,,,6,5,7,7,10,10,12,13,17,17,23,23,27,27,26,26,20,21,16,16,10,9,6,5
781,SE,ATOCHA - NUEVOS MINISTERIOS,134658,,,6,5,7,7,10,10,12,13,17,17,23,23,27,27,26,26,20,21,16,16,10,9,6,5
786,SE,PRINCIPE DE VERGARA - OPERA,0,,,6,5,7,7,10,10,12,13,17,17,23,23,27,27,26,26,20,21,16,16,10,9,6,5
788,SE,ATOCHA RENFE - RECOLETOS,0,Museo de Cera,270,6,5,7,7,10,10,12,13,17,17,23,23,27,27,26,26,20,21,16,16,10,9,6,5
796,SE,METROPOLITANO - MONCLOA,0,,,6,5,7,7,10,10,12,13,17,17,23,23,27,27,26,26,20,21,16,16,10,9,6,5
797,SE,ALAMEDA DE OSUNA - TORRE ARIAS,0,Jardín El Capricho de la Alameda de Osuna,450,6,5,7,7,10,10,12,13,17,17,23,23,27,27,26,26,20,21,16,16,10,9,6,5
798,SE,METROPOLITANO-CIUDAD UNIVERSITARIA - MONCLOA,0,,,6,5,7,7,10,10,12,13,17,17,23,23,27,27,26,26,20,21,16,16,10,9,6,5
799,SE,MAR DE CRISTAL - VALDEBEBAS,0,,,6,5,7,7,10,10,12,13,17,17,23,23,27,27,26,26,20,21,16,16,10,9,6,5